id,img_name,audio_name,next_page,que_id,que_audio,ans_audio,count_max,ans_keys
page1,p1.png,p1.wav,2,,,,0,[]
page2,p2.png,p2.wav,3,,,,0,[]
page3,p3.png,p3.wav,4,,,,0,[]
page4,p4.png,p4.wav,5,,,,0,[]
page5,p5.png,p5.wav,6,,,,0,[]
page6,p6.png,p6.wav,7,,,,0,[]
page7,p7.png,p7.wav,8,,,,0,[]
page8,p8.png,p8.wav,9,,,,0,[]
page9,p9.png,p9.wav,10,,,,0,[]
page10,p10.png,p10.wav,11,,,,0,[]
page11,p11.png,p11.wav,12,,,,0,[]
page12,p12.png,p12.wav,13,,,,0,[]
page13,p13.png,p13.wav,14,,,,0,[]
page14,p14.png,p14.wav,15,,,,0,[]
page15,p15.png,p15.wav,16,,,,0,[]
page16,p16.png,p16.wav,17,,,,0,[]
page17,p17.png,p17.wav,1,,,,0,[]
